{
	"textures": {
		"0": "ash_clay:block/ash_clay_brick",
		"particle": "ash_clay:block/ash_clay_brick"
	},
	"elements": [
		{
			"from": [6, 0, 4],
			"to": [10, 2, 12],
			"faces": {
				"north": {"uv": [8, 0, 12, 2], "texture": "#0"},
				"east": {"uv": [0, 8, 8, 10], "texture": "#0"},
				"south": {"uv": [8, 2, 12, 4], "texture": "#0"},
				"west": {"uv": [8, 8, 16, 10], "texture": "#0"},
				"up": {"uv": [0, 0, 4, 8], "texture": "#0"},
				"down": {"uv": [4, 0, 8, 8], "texture": "#0"}
			}
		}
	]
}