{
  "parent": "minecraft:block/block",
  "credit": "(originally) Made with Blockbench",
  "textures": {
    "particle": "#planks"
  },
  "elements": [
    {
      "from": [2, 0, 2],
      "to": [4, 6, 4],
      "faces": {
        "north": { "texture": "#planks" },
        "east": { "texture": "#planks" },
        "south": { "texture": "#planks" },
        "west": { "texture": "#planks" }
      }
    },
    {
      "from": [2, 0, 12],
      "to": [4, 6, 14],
      "faces": {
        "north": { "texture": "#planks" },
        "east": { "texture": "#planks" },
        "south": { "texture": "#planks" },
        "west": { "texture": "#planks" }
      }
    },
    {
      "from": [2, 6, 2],
      "to": [4, 8, 14],
      "faces": {
        "north": { "uv": [0, 0, 1, 2], "texture": "#planks" },
        "east": { "uv": [0, 0, 12, 2], "texture": "#planks" },
        "south": { "uv": [0, 0, 1, 2], "texture": "#planks" },
        "west": { "uv": [0, 0, 12, 2], "texture": "#planks" },
        "up": { "uv": [0, 0, 1, 12], "texture": "#planks", "cullface": "up" },
        "down": { "uv": [0, 0, 1, 12], "texture": "#planks" }
      }
    },
    {
      "from": [2, 0, 7],
      "to": [4, 6, 9],
      "faces": {
        "north": { "texture": "#planks" },
        "east": { "texture": "#planks" },
        "south": { "texture": "#planks" },
        "west": { "texture": "#planks" }
      }
    }
  ]
}
