{
  "parent": "adorn:block/templates/rotatable",
  "textures": {
    "stone": "minecraft:block/polished_andesite",
    "particle": "#planks"
  },
  "elements": [
    {
      "from": [0, 0, 0],
      "to": [14, 12, 16],
      "faces": {
        "down": { "texture": "#planks", "cullface": "down" },
        "east": { "texture": "#planks" },
        "west": { "texture": "#planks", "cullface": "west" },
        "south": { "texture": "#planks", "cullface": "south" },
        "north": { "texture": "#planks", "cullface": "north" }
      }
    },
    {
      "from": [0, 12, 0],
      "to": [16, 16, 16],
      "faces": {
        "up": { "texture": "#stone", "cullface": "up" },
        "down": { "texture": "#stone" },
        "east": { "texture": "#stone", "cullface": "east" },
        "west": { "texture": "#stone", "cullface": "west" },
        "south": { "texture": "#stone", "cullface": "south" },
        "north": { "texture": "#stone", "cullface": "north" }
      }
    }
  ]
}
