{
  "parent": "block/block",
  "textures": {
    "particle": "#up"
  },
  "elements": [
    {
      "from": [6, 0, 6],
      "to": [10, 14, 10],
      "faces": {
        "down": { "uv": [6, 6, 10, 10], "texture": "#down", "cullface": "down" },
        "north": { "uv": [6, 0, 10, 14], "texture": "#side" },
        "south": { "uv": [6, 0, 10, 14], "texture": "#side" },
        "west": { "uv": [6, 0, 10, 14], "texture": "#side" },
        "east": { "uv": [6, 0, 10, 14], "texture": "#side" }
      },
      "__comment": "Center post"
    },
    {
      "from": [0, 14, 0],
      "to": [16, 16, 16],
      "faces": {
        "down": { "texture": "#down" },
        "up": { "texture": "#up" },
        "north": { "texture": "#side" },
        "south": { "texture": "#side" },
        "west": { "texture": "#side" },
        "east": { "texture": "#side" }
      },
      "__comment": "Platform"
    }
  ]
}
