{
  "parent": "block/block",
  "textures": {
    "particle": "#up"
  },
  "elements": [
    {
      "from": [6, 0, 6],
      "to": [10, 16, 10],
      "faces": {
        "down": { "uv": [6, 6, 10, 10], "texture": "#down", "cullface": "down" },
        "up": { "uv": [6, 6, 10, 10], "texture": "#up", "cullface": "up" },
        "north": { "uv": [6, 0, 10, 16], "texture": "#side" },
        "south": { "uv": [6, 0, 10, 16], "texture": "#side" },
        "west": { "uv": [6, 0, 10, 16], "texture": "#side" },
        "east": { "uv": [6, 0, 10, 16], "texture": "#side" }
      }
    }
  ]
}
