{
  "__comment": "Y rotation fix applied from adorn:block/templates/rotatable (rotation: { y: 315 ... }}",
  "parent": "minecraft:block/block",
  "textures": {
    "supports": "#texture",
    "particle": "#texture"
  },
  "display": {
    "gui": {
      "rotation": [12, 315, 0],
      "translation": [3, 2, 1],
      "scale": [0.8, 0.8, 0.8]
    },
    "firstperson_righthand": {
      "rotation": [0, 45, 0],
      "translation": [0, 4, 0],
      "scale": [0.40, 0.40, 0.40]
    },
    "firstperson_lefthand": {
      "rotation": [0, 225, 0],
      "translation": [0, 4, 0],
      "scale": [0.40, 0.40, 0.40]
    }
  },
  "elements": [
    {
      "__comment": "Upper part",
      "from": [0, 5, 0],
      "to": [7, 6, 16],
      "faces": {
        "up": { "texture": "#texture" },
        "down": { "texture": "#texture" },
        "east": { "texture": "#texture" },
        "north": { "texture": "#texture", "cullface": "north" },
        "south": { "texture": "#texture", "cullface": "south" },
        "west": { "texture": "#texture", "cullface": "west" }
      }
    },
    {
      "__comment": "Left support",
      "from": [2, 0, 14],
      "to": [3, 6, 15],
      "faces": {
        "down": { "texture": "#supports" },
        "east": { "texture": "#supports" },
        "north": { "texture": "#supports" },
        "south": { "texture": "#supports" },
        "west": { "texture": "#supports" }
      },
      "rotation": {
        "origin": [2.5, 4, 14.5],
        "axis": "z",
        "angle": -45
      }
    },
    {
      "__comment": "Right support",
      "from": [2, 0, 1],
      "to": [3, 6, 2],
      "faces": {
        "down": { "texture": "#supports" },
        "east": { "texture": "#supports" },
        "north": { "texture": "#supports" },
        "south": { "texture": "#supports" },
        "west": { "texture": "#supports" }
      },
      "rotation": {
        "origin": [2.5, 4, 1.5],
        "axis": "z",
        "angle": -45
      }
    }
  ]
}
