{
  "textures": {
    "planks": "minecraft:block/oak_planks"
  },
  "elements": [
    {
      "from": [5, 7, 0],
      "to": [16, 13, 3],
      "faces": {
        "east": { "texture": "#wool" },
        "north": { "texture": "#wool", "cullface": "north" },
        "south": { "texture": "#wool" },
        "up": { "texture": "#wool" }
      }
    },
    {
      "from": [1, 0, 1],
      "to": [3, 2, 3],
      "faces": {
        "east": { "texture": "#planks" },
        "west": { "texture": "#planks" },
        "north": { "texture": "#planks" },
        "south": { "texture": "#planks" },
        "down": { "texture": "#planks", "cullface": "down" }
      }
    },
    {
      "from": [13, 0, 1],
      "to": [15, 2, 3],
      "faces": {
        "east": { "texture": "#planks" },
        "west": { "texture": "#planks" },
        "north": { "texture": "#planks" },
        "south": { "texture": "#planks" },
        "down": { "texture": "#planks", "cullface": "down" }
      }
    }
  ]
}
