{
  "parent": "block/block",
  "textures": {
    "stand": "minecraft:block/smooth_stone",
    "particle": "#wool"
  },
  "elements": [
    {
      "from": [5, 0, 5],
      "to": [11, 1, 11],
      "faces": {
        "up": { "texture": "#stand" },
        "down": { "texture": "#stand", "cullface": "down" },
        "north": { "texture": "#stand" },
        "east": { "texture": "#stand" },
        "south": { "texture": "#stand" },
        "west": { "texture": "#stand" }
      }
    },
    {
      "from": [7, 1, 7],
      "to": [9, 13, 9],
      "faces": {
        "north": { "texture": "#stand" },
        "east": { "texture": "#stand" },
        "south": { "texture": "#stand" },
        "west": { "texture": "#stand" }
      }
    },
    {
      "from": [3, 13, 3],
      "to": [13, 14, 13],
      "faces": {
        "up": { "texture": "#wool" },
        "down": { "texture": "#wool" },
        "north": { "texture": "#wool" },
        "east": { "texture": "#wool" },
        "south": { "texture": "#wool" },
        "west": { "texture": "#wool" }
      }
    },
    {
      "from": [3, 5, 3],
      "to": [13, 13, 4],
      "faces": {
        "down": { "texture": "#wool" },
        "north": { "texture": "#wool" },
        "east": { "texture": "#wool" },
        "south": { "texture": "#wool" },
        "west": { "texture": "#wool" }
      }
    },
    {
      "from": [3, 5, 12],
      "to": [13, 13, 13],
      "faces": {
        "down": { "texture": "#wool" },
        "north": { "texture": "#wool" },
        "east": { "texture": "#wool" },
        "south": { "texture": "#wool" },
        "west": { "texture": "#wool" }
      }
    },
    {
      "from": [3, 5, 4],
      "to": [4, 13, 12],
      "faces": {
        "down": { "texture": "#wool" },
        "east": { "texture": "#wool" },
        "west": { "texture": "#wool" }
      }
    },
    {
      "from": [12, 5, 4],
      "to": [13, 13, 12],
      "faces": {
        "down": { "texture": "#wool" },
        "east": { "texture": "#wool" },
        "west": { "texture": "#wool" }
      }
    }
  ]
}
