{
	"parent": "block/block",
	"textures": {
		"0": "block/oak_log",
		"1": "block/oak_planks",
		"2": "block/iron_block",
		"4": "block/glass",
		"6": "demeter:block/oak_log_top_small",
		"7": "block/stone",
		"8": "block/gold_block",
		"9": "demeter:block/table_cover_side",
		"10": "demeter:block/table_cover_top",
		"particle": "block/oak_log"
	},
	"elements": [
		{
			"name": "Neg Neg Leg",
			"from": [0, 0, 0],
			"to": [4, 12, 4],
			"faces": {
				"north": {"uv": [0, 0, 4, 12], "texture": "#0"},
				"east": {"uv": [12, 0, 16, 12], "texture": "#0"},
				"south": {"uv": [8, 0, 12, 12], "texture": "#0"},
				"west": {"uv": [4, 0, 8, 12], "texture": "#0"},
				"up": {"uv": [0, 0, 16, 16], "texture": "#6"},
				"down": {"uv": [0, 0, 16, 16], "texture": "#6"}
			}
		},
		{
			"name": "Pos Neg Leg",
			"from": [12, 0, 0],
			"to": [16, 12, 4],
			"faces": {
				"north": {"uv": [0, 0, 4, 12], "texture": "#0"},
				"east": {"uv": [12, 0, 16, 12], "texture": "#0"},
				"south": {"uv": [8, 0, 12, 12], "texture": "#0"},
				"west": {"uv": [4, 0, 8, 12], "texture": "#0"},
				"up": {"uv": [0, 0, 16, 16], "texture": "#6"},
				"down": {"uv": [0, 0, 16, 16], "texture": "#6"}
			}
		},
		{
			"name": "Neg Pos Leg",
			"from": [0, 0, 12],
			"to": [4, 12, 16],
			"faces": {
				"north": {"uv": [0, 0, 4, 12], "texture": "#0"},
				"east": {"uv": [12, 0, 16, 12], "texture": "#0"},
				"south": {"uv": [8, 0, 12, 12], "texture": "#0"},
				"west": {"uv": [4, 0, 8, 12], "texture": "#0"},
				"up": {"uv": [0, 0, 16, 16], "texture": "#6"},
				"down": {"uv": [0, 0, 16, 16], "texture": "#6"}
			}
		},
		{
			"name": "Pos Pos Leg",
			"from": [12, 0, 12],
			"to": [16, 12, 16],
			"faces": {
				"north": {"uv": [0, 0, 4, 12], "texture": "#0"},
				"east": {"uv": [12, 0, 16, 12], "texture": "#0"},
				"south": {"uv": [8, 0, 12, 12], "texture": "#0"},
				"west": {"uv": [4, 0, 8, 12], "texture": "#0"},
				"up": {"uv": [0, 0, 16, 16], "texture": "#6"},
				"down": {"uv": [0, 0, 16, 16], "texture": "#6"}
			}
		},
		{
			"name": "Top",
			"from": [0, 12, 0],
			"to": [16, 16, 16],
			"faces": {
				"north": {"uv": [0, 0, 16, 4], "texture": "#1"},
				"east": {"uv": [0, 0, 16, 4], "texture": "#1"},
				"south": {"uv": [0, 0, 16, 4], "texture": "#1"},
				"west": {"uv": [0, 0, 16, 4], "texture": "#1"},
				"up": {"uv": [0, 0, 16, 16], "texture": "#1"},
				"down": {"uv": [0, 0, 16, 16], "texture": "#1"}
			}
		},
		{
			"name": "Lens Holder",
			"from": [6, 22, 5],
			"to": [10, 24, 6],
			"rotation": {"angle": 0, "axis": "x", "origin": [8, 8, 9]},
			"faces": {
				"north": {"uv": [3, 3, 7, 5], "texture": "#8"},
				"east": {"uv": [7, 4, 8, 6], "texture": "#8"},
				"south": {"uv": [3, 7, 7, 9], "texture": "#8"},
				"west": {"uv": [2, 4, 3, 6], "texture": "#8"},
				"up": {"uv": [3, 2, 7, 3], "texture": "#8"},
				"down": {"uv": [3, 5, 7, 6], "texture": "#8"}
			}
		},
		{
			"name": "Lens Holder",
			"from": [6, 22, 10],
			"to": [10, 24, 11],
			"rotation": {"angle": 0, "axis": "x", "origin": [8, 8, 9]},
			"faces": {
				"north": {"uv": [3, 3, 7, 5], "texture": "#8"},
				"east": {"uv": [7, 4, 8, 6], "texture": "#8"},
				"south": {"uv": [3, 7, 7, 9], "texture": "#8"},
				"west": {"uv": [2, 4, 3, 6], "texture": "#8"},
				"up": {"uv": [3, 2, 7, 3], "texture": "#8"},
				"down": {"uv": [3, 5, 7, 6], "texture": "#8"}
			}
		},
		{
			"name": "Lens_Holder2",
			"from": [5, 22, 6],
			"to": [6, 24, 10],
			"rotation": {"angle": 0, "axis": "x", "origin": [8, 8, 9]},
			"faces": {
				"north": {"uv": [2, 3, 3, 5], "texture": "#8"},
				"east": {"uv": [3, 3, 7, 5], "texture": "#8"},
				"south": {"uv": [2, 4, 3, 6], "texture": "#8"},
				"west": {"uv": [3, 3, 7, 5], "texture": "#8"},
				"up": {"uv": [5, 3, 6, 7], "texture": "#8"},
				"down": {"uv": [2, 3, 3, 7], "texture": "#8"}
			}
		},
		{
			"name": "Lens_Holder3",
			"from": [10, 22, 6],
			"to": [11, 24, 10],
			"rotation": {"angle": 0, "axis": "x", "origin": [8, 8, 9]},
			"faces": {
				"north": {"uv": [2, 3, 3, 5], "texture": "#8"},
				"east": {"uv": [3, 3, 7, 5], "texture": "#8"},
				"south": {"uv": [2, 4, 3, 6], "texture": "#8"},
				"west": {"uv": [3, 3, 7, 5], "texture": "#8"},
				"up": {"uv": [5, 3, 6, 7], "texture": "#8"},
				"down": {"uv": [2, 3, 3, 7], "texture": "#8"}
			}
		},
		{
			"name": "Lens_Holder4",
			"from": [6, 22, 6],
			"to": [7, 24, 7],
			"rotation": {"angle": 0, "axis": "x", "origin": [8, 8, 9]},
			"faces": {
				"north": {"uv": [2, 2, 3, 4], "texture": "#8"},
				"east": {"uv": [5, 2, 6, 4], "texture": "#8"},
				"south": {"uv": [3, 2, 4, 4], "texture": "#8"},
				"west": {"uv": [4, 2, 5, 4], "texture": "#8"},
				"up": {"uv": [2, 4, 3, 5], "texture": "#8"},
				"down": {"uv": [3, 4, 4, 5], "texture": "#8"}
			}
		},
		{
			"name": "Lens_Holder5",
			"from": [6, 22, 9],
			"to": [7, 24, 10],
			"rotation": {"angle": 0, "axis": "x", "origin": [8, 8, 9]},
			"faces": {
				"north": {"uv": [2, 2, 3, 4], "texture": "#8"},
				"east": {"uv": [5, 2, 6, 4], "texture": "#8"},
				"south": {"uv": [3, 2, 4, 4], "texture": "#8"},
				"west": {"uv": [4, 2, 5, 4], "texture": "#8"},
				"up": {"uv": [2, 4, 3, 5], "texture": "#8"},
				"down": {"uv": [3, 4, 4, 5], "texture": "#8"}
			}
		},
		{
			"name": "Lens_Holder6",
			"from": [9, 22, 9],
			"to": [10, 24, 10],
			"rotation": {"angle": 0, "axis": "x", "origin": [8, 8, 9]},
			"faces": {
				"north": {"uv": [2, 2, 3, 4], "texture": "#8"},
				"east": {"uv": [5, 2, 6, 4], "texture": "#8"},
				"south": {"uv": [3, 2, 4, 4], "texture": "#8"},
				"west": {"uv": [4, 2, 5, 4], "texture": "#8"},
				"up": {"uv": [2, 4, 3, 5], "texture": "#8"},
				"down": {"uv": [3, 4, 4, 5], "texture": "#8"}
			}
		},
		{
			"name": "Lens_Holder7",
			"from": [9, 22, 6],
			"to": [10, 24, 7],
			"rotation": {"angle": 0, "axis": "x", "origin": [8, 8, 9]},
			"faces": {
				"north": {"uv": [2, 2, 3, 4], "texture": "#8"},
				"east": {"uv": [5, 2, 6, 4], "texture": "#8"},
				"south": {"uv": [3, 2, 4, 4], "texture": "#8"},
				"west": {"uv": [4, 2, 5, 4], "texture": "#8"},
				"up": {"uv": [2, 4, 3, 5], "texture": "#8"},
				"down": {"uv": [3, 4, 4, 5], "texture": "#8"}
			}
		},
		{
			"name": "Lens",
			"from": [6, 23, 6],
			"to": [10, 23, 10],
			"rotation": {"angle": 0, "axis": "x", "origin": [8, 8, 9]},
			"faces": {
				"north": {"uv": [8, 5, 12, 5], "texture": "#missing"},
				"east": {"uv": [2, 7, 6, 7], "texture": "#missing"},
				"south": {"uv": [6, 2, 10, 2], "texture": "#missing"},
				"west": {"uv": [11, 8, 15, 8], "texture": "#missing"},
				"up": {"uv": [10, 10, 14, 14], "texture": "#4"},
				"down": {"uv": [10, 10, 14, 14], "rotation": 270, "texture": "#4"}
			}
		},
		{
			"name": "Arm",
			"from": [12, 17, 5],
			"to": [14, 19, 14],
			"rotation": {"angle": 45, "axis": "x", "origin": [13, 18, 13]},
			"faces": {
				"north": {"uv": [13, 13, 15, 15], "texture": "#2"},
				"east": {"uv": [1, 1, 10, 3], "texture": "#2"},
				"south": {"uv": [13, 13, 15, 15], "texture": "#2"},
				"west": {"uv": [1, 7, 10, 9], "texture": "#2"},
				"up": {"uv": [1, 3, 10, 5], "rotation": 90, "texture": "#2"},
				"down": {"uv": [1, 5, 10, 7], "rotation": 90, "texture": "#2"}
			}
		},
		{
			"name": "Base",
			"from": [11, 16, 11],
			"to": [15, 18, 15],
			"faces": {
				"north": {"uv": [12, 0, 16, 2], "texture": "#7"},
				"east": {"uv": [8, 0, 12, 2], "texture": "#7"},
				"south": {"uv": [8, 0, 12, 2], "texture": "#7"},
				"west": {"uv": [0, 0, 4, 2], "texture": "#7"},
				"up": {"uv": [6, 6, 10, 10], "texture": "#7"},
				"down": {"uv": [6, 6, 10, 10], "texture": "#7"}
			}
		},
		{
			"name": "Side Cube",
			"from": [11, 17, 5],
			"to": [12, 19, 7],
			"rotation": {"angle": 45, "axis": "x", "origin": [13, 18, 13]},
			"faces": {
				"north": {"uv": [1, 2, 2, 4], "texture": "#2"},
				"east": {"uv": [2, 2, 4, 4], "texture": "#2"},
				"south": {"uv": [2, 4, 3, 6], "texture": "#2"},
				"west": {"uv": [5, 2, 7, 4], "texture": "#2"},
				"up": {"uv": [4, 2, 5, 4], "texture": "#2"},
				"down": {"uv": [1, 4, 2, 6], "texture": "#2"}
			}
		},
		{
			"name": "Top Cover",
			"from": [-0.25, 16.25, -0.25],
			"to": [16.25, 16.25, 16.25],
			"faces": {
				"north": {"uv": [0, 0, 16, 0], "texture": "#missing"},
				"east": {"uv": [0, 0, 16, 0], "texture": "#missing"},
				"south": {"uv": [0, 0, 16, 0], "texture": "#missing"},
				"west": {"uv": [0, 0, 16, 0], "texture": "#missing"},
				"up": {"uv": [0, 0, 16, 16], "texture": "#10"},
				"down": {"uv": [0, 0, 16, 16], "texture": "#10"}
			}
		},
		{
			"name": "Side Cover N",
			"from": [-0.25, 11, -0.25],
			"to": [16.25, 16.25, -0.25],
			"faces": {
				"north": {"uv": [0, 0, 16, 5], "texture": "#9"},
				"east": {"uv": [0, 0, 0, 5], "texture": "#missing"},
				"south": {"uv": [0, 0, 16, 5], "texture": "#9"},
				"west": {"uv": [0, 0, 0, 5], "texture": "#missing"},
				"up": {"uv": [0, 0, 16, 0], "texture": "#missing"},
				"down": {"uv": [0, 0, 16, 0], "texture": "#missing"}
			}
		},
		{
			"name": "Side Cover S",
			"from": [-0.25, 11, 16.25],
			"to": [16.25, 16.25, 16.25],
			"faces": {
				"north": {"uv": [0, 0, 16, 5], "texture": "#9"},
				"east": {"uv": [0, 0, 0, 5], "texture": "#missing"},
				"south": {"uv": [0, 0, 16, 5], "texture": "#9"},
				"west": {"uv": [0, 0, 0, 5], "texture": "#missing"},
				"up": {"uv": [0, 0, 16, 0], "texture": "#missing"},
				"down": {"uv": [0, 0, 16, 0], "texture": "#missing"}
			}
		},
		{
			"name": "Side Cover W",
			"from": [-0.25, 11, -0.25],
			"to": [-0.25, 16.25, 16.25],
			"faces": {
				"north": {"uv": [0, 0, 0, 5.25], "texture": "#missing"},
				"east": {"uv": [0, 0, 16, 5], "texture": "#9"},
				"south": {"uv": [0, 0, 0, 5.25], "texture": "#missing"},
				"west": {"uv": [0, 0, 16, 5], "texture": "#9"},
				"up": {"uv": [0, 0, 0, 16], "texture": "#missing"},
				"down": {"uv": [0, 0, 0, 16], "texture": "#missing"}
			}
		},
		{
			"name": "Side Cover E",
			"from": [16.25, 11, -0.25],
			"to": [16.25, 16.25, 16.25],
			"faces": {
				"north": {"uv": [0, 0, 0, 5.25], "texture": "#missing"},
				"east": {"uv": [0, 0, 16, 5], "texture": "#9"},
				"south": {"uv": [0, 0, 0, 5.25], "texture": "#missing"},
				"west": {"uv": [0, 0, 16, 5], "texture": "#9"},
				"up": {"uv": [0, 0, 0, 16], "texture": "#missing"},
				"down": {"uv": [0, 0, 0, 16], "texture": "#missing"}
			}
		}
	]
}