{
  "parent": "block/block",
  "ambientocclusion": false,
  "textures": {
    "main": "adorn:block/chain_link_fence",
    "edge": "adorn:block/chain_link_fence_edge",
    "particle": "adorn:block/chain_link_fence"
  },
  "elements": [
    {
      "from": [7, 14, 7],
      "to": [9, 16, 9],
      "faces": {
        "up": { "texture": "#edge", "cullface": "up" },
        "down": { "texture": "#edge" },
        "north": { "texture": "#edge" },
        "east": { "texture": "#edge" },
        "south": { "texture": "#edge" },
        "west": { "texture": "#edge" }
      }
    }
  ]
}
