{
  "parent": "block/block",
  "textures": {
    "tex": "adorn:block/picket_fence",
    "particle": "adorn:block/picket_fence"
  },
  "elements": [
    {
      "from": [1, 0, 7],
      "to": [3, 16, 8],
      "faces": {
        "north": { "texture": "#tex" },
        "south": { "texture": "#tex" },
        "west": { "texture": "#tex" },
        "east": { "texture": "#tex" },
        "up": { "texture": "#tex", "cullface": "up" },
        "down": { "texture": "#tex", "cullface": "down" }
      }
    },
    {
      "from": [5, 0, 7],
      "to": [7, 16, 8],
      "faces": {
        "north": { "texture": "#tex" },
        "south": { "texture": "#tex" },
        "west": { "texture": "#tex" },
        "east": { "texture": "#tex" },
        "up": { "texture": "#tex", "cullface": "up" },
        "down": { "texture": "#tex", "cullface": "down" }
      }
    },
    {
      "from": [9, 0, 7],
      "to": [11, 16, 8],
      "faces": {
        "north": { "texture": "#tex" },
        "south": { "texture": "#tex" },
        "west": { "texture": "#tex" },
        "east": { "texture": "#tex" },
        "up": { "texture": "#tex", "cullface": "up" },
        "down": { "texture": "#tex", "cullface": "down" }
      }
    },
    {
      "from": [13, 0, 7],
      "to": [15, 16, 8],
      "faces": {
        "north": { "texture": "#tex" },
        "south": { "texture": "#tex" },
        "west": { "texture": "#tex" },
        "east": { "texture": "#tex" },
        "up": { "texture": "#tex", "cullface": "up" },
        "down": { "texture": "#tex", "cullface": "down" }
      }
    },
    {
      "from": [0, 3, 8],
      "to": [16, 6, 9],
      "faces": {
        "north": { "texture": "#tex" },
        "south": { "texture": "#tex" },
        "west": { "texture": "#tex", "cullface": "west" },
        "east": { "texture": "#tex", "cullface": "east" },
        "up": { "texture": "#tex" },
        "down": { "texture": "#tex" }
      }
    },
    {
      "from": [0, 9, 8],
      "to": [16, 12, 9],
      "faces": {
        "north": { "texture": "#tex" },
        "south": { "texture": "#tex" },
        "west": { "texture": "#tex", "cullface": "west" },
        "east": { "texture": "#tex", "cullface": "east" },
        "up": { "texture": "#tex" },
        "down": { "texture": "#tex" }
      }
    }
  ]
}
