{
  "parent": "block/block",
  "textures": {
    "planks": "terrestria:block/sakura_planks",
    "particle": "terrestria:block/sakura_planks",
    "leg": "terrestria:block/sakura_log",
    "rim": "terrestria:block/sakura_log",
    "glass": "block/black_stained_glass"
  },
  "elements": [
    {
      "from": [2, 10, 2],
      "to": [14, 12, 14],
      "faces": {
        "up": { "uv": [2, 2, 14, 14], "texture": "#glass" },
        "down": { "uv": [2, 2, 14, 14], "texture": "#glass" }
      }
    },
    {
      "from": [0, 10, 0],
      "to": [16, 12, 2],
      "faces": {
        "north": { "uv": [3, 0, 5, 16], "rotation": 90, "texture": "#rim", "cullface": "north" },
        "east": { "uv": [3, 0, 5, 2], "texture": "#rim" },
        "south": { "uv": [3, 0, 5, 16], "rotation": 90, "texture": "#rim" },
        "west": { "uv": [3, 0, 5, 2], "texture": "#rim" },
        "up": { "uv": [3, 0, 5, 16], "rotation": 90, "texture": "#rim" },
        "down": { "uv": [3, 0, 5, 16], "rotation": 90, "texture": "#rim" }
      }
    },
    {
      "from": [0, 10, 14],
      "to": [16, 12, 16],
      "faces": {
        "north": { "uv": [11, 0, 13, 16], "rotation": 90, "texture": "#rim" },
        "east": { "uv": [10, 2, 12, 4], "texture": "#rim" },
        "south": { "uv": [10, 0, 12, 16], "rotation": 90, "texture": "#rim", "cullface": "south" },
        "west": { "uv": [10, 0, 12, 2], "texture": "#rim" },
        "up": { "uv": [10, 0, 12, 16], "rotation": 90, "texture": "#rim" },
        "down": { "uv": [10, 0, 12, 16], "rotation": 90, "texture": "#rim" }
      }
    },
    {
      "from": [0, 10, 2],
      "to": [2, 12, 14],
      "faces": {
        "east": { "uv": [4, 0, 6, 12], "rotation": 90, "texture": "#rim" },
        "west": { "uv": [4, 4, 6, 16], "rotation": 90, "texture": "#rim", "cullface": "west" },
        "up": { "uv": [4, 4, 6, 16], "texture": "#rim" },
        "down": { "uv": [4, 4, 6, 16], "texture": "#rim" }
      }
    },
    {
      "from": [14, 10, 2],
      "to": [16, 12, 14],
      "faces": {
        "north": { "uv": [10, 2, 12, 14], "rotation": 90, "texture": "#rim" },
        "east": { "uv": [10, 2, 12, 14], "rotation": 90, "texture": "#rim", "cullface": "east" },
        "south": { "uv": [10, 2, 12, 14], "rotation": 90, "texture": "#rim" },
        "west": { "uv": [10, 2, 12, 14], "rotation": 90, "texture": "#rim" },
        "up": { "uv": [10, 2, 12, 14], "texture": "#rim" },
        "down": { "uv": [10, 2, 12, 14], "texture": "#rim" }
      }
    },
    {
      "from": [2, 4, 0],
      "to": [14, 6, 2],
      "faces": {
        "north": { "uv": [2, 10, 14, 12], "texture": "#planks", "cullface": "north" },
        "up": { "uv": [2, 0, 14, 2], "texture": "#planks" },
        "down": { "uv": [2, 14, 14, 16], "texture": "#planks" }
      }
    },
    {
      "from": [0, 4, 2],
      "to": [16, 6, 14],
      "faces": {
        "east": { "uv": [2, 10, 14, 12], "texture": "#planks", "cullface": "east" },
        "west": { "uv": [2, 10, 14, 12], "texture": "#planks", "cullface": "west" },
        "up": { "uv": [0, 2, 16, 14], "texture": "#planks" },
        "down": { "uv": [0, 2, 16, 14], "texture": "#planks" }
      }
    },
    {
      "from": [2, 4, 14],
      "to": [14, 6, 16],
      "faces": {
        "south": { "uv": [2, 10, 14, 12], "texture": "#planks", "cullface": "south" },
        "up": { "uv": [2, 14, 14, 16], "texture": "#planks" },
        "down": { "uv": [2, 0, 14, 2], "texture": "#planks" }
      }
    },
    {
      "from": [0, 0, 0],
      "to": [2, 10, 2],
      "faces": {
        "north": { "uv": [7, 6, 9, 16], "texture": "#leg", "cullface": "north" },
        "east": { "uv": [7, 6, 9, 16], "texture": "#leg" },
        "south": { "uv": [7, 6, 9, 16], "texture": "#leg" },
        "west": { "uv": [7, 6, 9, 16], "texture": "#leg", "cullface": "west" },
        "down": { "uv": [6, 14, 8, 16], "texture": "#leg", "cullface": "down" }
      }
    },
    {
      "from": [0, 0, 14],
      "to": [2, 10, 16],
      "faces": {
        "north": { "uv": [7, 6, 9, 16], "texture": "#leg" },
        "east": { "uv": [7, 6, 9, 16], "texture": "#leg" },
        "south": { "uv": [7, 6, 9, 16], "texture": "#leg", "cullface": "south" },
        "west": { "uv": [7, 6, 9, 16], "texture": "#leg", "cullface": "west" },
        "down": { "uv": [7, 8, 9, 10], "texture": "#leg", "cullface": "down" }
      }
    },
    {
      "from": [14, 0, 0],
      "to": [16, 10, 2],
      "faces": {
        "north": { "uv": [7, 6, 9, 16], "texture": "#leg", "cullface": "north" },
        "east": { "uv": [7, 6, 9, 16], "texture": "#leg", "cullface": "east" },
        "south": { "uv": [7, 6, 9, 16], "texture": "#leg" },
        "west": { "uv": [7, 6, 9, 16], "texture": "#leg" },
        "down": { "uv": [7, 14, 9, 16], "texture": "#leg", "cullface": "down" }
      }
    },
    {
      "from": [14, 0, 14],
      "to": [16, 10, 16],
      "faces": {
        "north": { "uv": [7, 6, 9, 16], "texture": "#leg" },
        "east": { "uv": [7, 6, 9, 16], "texture": "#leg", "cullface": "east" },
        "south": { "uv": [7, 6, 9, 16], "texture": "#leg", "cullface": "south" },
        "west": { "uv": [7, 6, 9, 16], "texture": "#leg" },
        "down": { "uv": [7, 10, 9, 12], "texture": "#leg", "cullface": "down" }
      }
    }
  ]
}
