{
  "parent": "minecraft:block/block",
  "textures": {
    "log": "terrestria:block/sakura_log",
    "particle": "terrestria:block/sakura_log"
  },
  "elements": [
    {
      "from": [1, 0, 1],
      "to": [4, 14, 4],
      "faces": {
        "down": { "texture": "#log", "cullface": "down" },
        "east": { "texture": "#log", "uv": [7, 0, 10, 14] },
        "west": { "texture": "#log", "uv": [7, 0, 10, 14] },
        "north": { "texture": "#log", "uv": [7, 0, 10, 14] },
        "south": { "texture": "#log", "uv": [7, 0, 10, 14] }
      }
    }
  ]
}
