{
  "variants": {
    "distance=1,persistent=false": {
      "model": "terrestria:block/hemlock_leaves"
    },
    "distance=2,persistent=false": {
      "model": "terrestria:block/hemlock_leaves"
    },
    "distance=3,persistent=false": {
      "model": "terrestria:block/hemlock_leaves"
    },
    "distance=4,persistent=false": {
      "model": "terrestria:block/hemlock_leaves"
    },
    "distance=5,persistent=false": {
      "model": "terrestria:block/hemlock_leaves"
    },
    "distance=6,persistent=false": {
      "model": "terrestria:block/hemlock_leaves"
    },
    "distance=7,persistent=false": {
      "model": "terrestria:block/hemlock_leaves"
    },
    "distance=8,persistent=false": {
      "model": "terrestria:block/hemlock_leaves"
    },
    "distance=9,persistent=false": {
      "model": "terrestria:block/hemlock_leaves"
    },
    "distance=10,persistent=false": {
      "model": "terrestria:block/hemlock_leaves"
    },
    "distance=11,persistent=false": {
      "model": "terrestria:block/hemlock_leaves"
    },
    "distance=12,persistent=false": {
      "model": "terrestria:block/hemlock_leaves"
    },
    "distance=13,persistent=false": {
      "model": "terrestria:block/hemlock_leaves"
    },
    "distance=14,persistent=false": {
      "model": "terrestria:block/hemlock_leaves"
    },
    "distance=1,persistent=true": {
      "model": "terrestria:block/hemlock_leaves"
    },
    "distance=2,persistent=true": {
      "model": "terrestria:block/hemlock_leaves"
    },
    "distance=3,persistent=true": {
      "model": "terrestria:block/hemlock_leaves"
    },
    "distance=4,persistent=true": {
      "model": "terrestria:block/hemlock_leaves"
    },
    "distance=5,persistent=true": {
      "model": "terrestria:block/hemlock_leaves"
    },
    "distance=6,persistent=true": {
      "model": "terrestria:block/hemlock_leaves"
    },
    "distance=7,persistent=true": {
      "model": "terrestria:block/hemlock_leaves"
    },
    "distance=8,persistent=true": {
      "model": "terrestria:block/hemlock_leaves"
    },
    "distance=9,persistent=true": {
      "model": "terrestria:block/hemlock_leaves"
    },
    "distance=10,persistent=true": {
      "model": "terrestria:block/hemlock_leaves"
    },
    "distance=11,persistent=true": {
      "model": "terrestria:block/hemlock_leaves"
    },
    "distance=12,persistent=true": {
      "model": "terrestria:block/hemlock_leaves"
    },
    "distance=13,persistent=true": {
      "model": "terrestria:block/hemlock_leaves"
    },
    "distance=14,persistent=true": {
      "model": "terrestria:block/hemlock_leaves"
    }
  }
}
