{
	"credit": "Made with Blockbench",
	"ambientocclusion": false,
	"textures": {
		"2": "illuminations:block/fairy_bell",
		"fan": "illuminations:block/fairy_bell_fan",
		"cross": "illuminations:block/fairy_bell_vine",
		"particle": "illuminations:block/fairy_bell_vine"
	},
	"elements": [
		{
			"name": "grass",
			"from": [0, 0, -8],
			"to": [16, 0, 8],
			"shade": false,
			"rotation": {"angle": 22.5, "axis": "x", "origin": [0, 0, 8]},
			"faces": {
				"up": {"uv": [0, 0, 16, 16], "texture": "#fan", "tintindex": 0},
				"down": {"uv": [0, 16, 16, 0], "texture": "#fan", "tintindex": 0}
			}
		},
		{
			"name": "grass",
			"from": [8, 0, 0],
			"to": [24, 0, 16],
			"shade": false,
			"rotation": {"angle": 22.5, "axis": "z", "origin": [8, 0, 0]},
			"faces": {
				"up": {"uv": [0, 0, 16, 16], "rotation": 90, "texture": "#fan", "tintindex": 0},
				"down": {"uv": [0, 16, 16, 0], "rotation": 270, "texture": "#fan", "tintindex": 0}
			}
		},
		{
			"name": "grass",
			"from": [-8, 0, 0],
			"to": [8, 0, 16],
			"shade": false,
			"rotation": {"angle": -22.5, "axis": "z", "origin": [8, 0, 0]},
			"faces": {
				"up": {"uv": [0, 0, 16, 16], "rotation": 270, "texture": "#fan", "tintindex": 0},
				"down": {"uv": [0, 16, 16, 0], "rotation": 90, "texture": "#fan", "tintindex": 0}
			}
		},
		{
			"name": "grass",
			"from": [0, 0, 8],
			"to": [16, 0, 24],
			"shade": false,
			"rotation": {"angle": -22.5, "axis": "x", "origin": [0, 0, 8]},
			"faces": {
				"up": {"uv": [16, 16, 0, 0], "texture": "#fan", "tintindex": 0},
				"down": {"uv": [16, 0, 0, 16], "texture": "#fan", "tintindex": 0}
			}
		},
		{
			"name": "vine",
			"from": [5, 0, 8],
			"to": [11, 6, 8],
			"faces": {
				"north": {"uv": [0, 0, 6, 6], "texture": "#cross", "tintindex": 0},
				"south": {"uv": [0, 0, 6, 6], "texture": "#cross", "tintindex": 0}
			}
		},
		{
			"name": "vine",
			"from": [8, 0, 5],
			"to": [8, 6, 11],
			"faces": {
				"east": {"uv": [0, 0, 6, 6], "texture": "#cross", "tintindex": 0},
				"west": {"uv": [0, 0, 6, 6], "texture": "#cross", "tintindex": 0}
			}
		},
		{
			"from": [5, 13, 5],
			"to": [11, 13, 7],
			"rotation": {"angle": -45, "axis": "x", "origin": [8, 6, 5]},
			"faces": {
				"north": {"uv": [0, 0, 6, 0], "texture": "#missing"},
				"east": {"uv": [0, 0, 2, 0], "texture": "#missing"},
				"south": {"uv": [0, 0, 6, 0], "texture": "#missing"},
				"west": {"uv": [0, 0, 2, 0], "texture": "#missing"},
				"up": {"uv": [6, 4, 12, 6], "rotation": 180, "texture": "#2"},
				"down": {"uv": [6, 4, 12, 6], "texture": "#2"}
			}
		},
		{
			"from": [5, 6, 5],
			"to": [11, 13, 5],
			"rotation": {"angle": -45, "axis": "x", "origin": [8, 6, 5]},
			"faces": {
				"north": {"uv": [0, 6, 6, 13], "texture": "#2"},
				"south": {"uv": [0, 6, 6, 13], "texture": "#2"}
			}
		},
		{
			"from": [5, 6, 5],
			"to": [5, 13, 7],
			"rotation": {"angle": -45, "axis": "x", "origin": [8, 6, 5]},
			"faces": {
				"east": {"uv": [6, 6, 8, 13], "rotation": 180, "texture": "#2"},
				"west": {"uv": [6, 6, 8, 13], "texture": "#2"}
			}
		},
		{
			"from": [11, 6, 5],
			"to": [11, 13, 7],
			"rotation": {"angle": -45, "axis": "x", "origin": [8, 6, 5]},
			"faces": {
				"east": {"uv": [6, 6, 8, 13], "rotation": 180, "texture": "#2"},
				"west": {"uv": [6, 6, 8, 13], "texture": "#2"}
			}
		},
		{
			"from": [5, 13, 5],
			"to": [7, 13, 11],
			"rotation": {"angle": 45, "axis": "z", "origin": [5, 6, 8]},
			"faces": {
				"north": {"uv": [0, 0, 2, 0], "texture": "#missing"},
				"east": {"uv": [0, 0, 6, 0], "texture": "#missing"},
				"south": {"uv": [0, 0, 2, 0], "texture": "#missing"},
				"west": {"uv": [0, 0, 6, 0], "texture": "#missing"},
				"up": {"uv": [6, 4, 12, 6], "rotation": 90, "texture": "#2"},
				"down": {"uv": [6, 4, 12, 6], "rotation": 90, "texture": "#2"}
			}
		},
		{
			"from": [5, 6, 5],
			"to": [5, 13, 11],
			"rotation": {"angle": 45, "axis": "z", "origin": [5, 6, 8]},
			"faces": {
				"east": {"uv": [0, 6, 6, 13], "texture": "#2"},
				"west": {"uv": [0, 6, 6, 13], "texture": "#2"}
			}
		},
		{
			"from": [5, 6, 11],
			"to": [7, 13, 11],
			"rotation": {"angle": 45, "axis": "z", "origin": [5, 6, 8]},
			"faces": {
				"north": {"uv": [6, 6, 8, 13], "rotation": 180, "texture": "#2"},
				"south": {"uv": [6, 6, 8, 13], "texture": "#2"}
			}
		},
		{
			"from": [5, 6, 5],
			"to": [7, 13, 5],
			"rotation": {"angle": 45, "axis": "z", "origin": [5, 6, 8]},
			"faces": {
				"north": {"uv": [6, 6, 8, 13], "rotation": 180, "texture": "#2"},
				"south": {"uv": [6, 6, 8, 13], "texture": "#2"}
			}
		},
		{
			"from": [5, 13, 9],
			"to": [11, 13, 11],
			"rotation": {"angle": 45, "axis": "x", "origin": [8, 6, 11]},
			"faces": {
				"north": {"uv": [0, 0, 6, 0], "texture": "#missing"},
				"east": {"uv": [0, 0, 2, 0], "texture": "#missing"},
				"south": {"uv": [0, 0, 6, 0], "texture": "#missing"},
				"west": {"uv": [0, 0, 2, 0], "texture": "#missing"},
				"up": {"uv": [6, 4, 12, 6], "texture": "#2"},
				"down": {"uv": [6, 4, 12, 6], "rotation": 180, "texture": "#2"}
			}
		},
		{
			"from": [5, 6, 11],
			"to": [11, 13, 11],
			"rotation": {"angle": 45, "axis": "x", "origin": [8, 6, 11]},
			"faces": {
				"north": {"uv": [0, 6, 6, 13], "texture": "#2"},
				"south": {"uv": [0, 6, 6, 13], "texture": "#2"}
			}
		},
		{
			"from": [11, 6, 9],
			"to": [11, 13, 11],
			"rotation": {"angle": 45, "axis": "x", "origin": [8, 6, 11]},
			"faces": {
				"east": {"uv": [6, 6, 8, 13], "texture": "#2"},
				"west": {"uv": [6, 6, 8, 13], "rotation": 180, "texture": "#2"}
			}
		},
		{
			"from": [5, 6, 9],
			"to": [5, 13, 11],
			"rotation": {"angle": 45, "axis": "x", "origin": [8, 6, 11]},
			"faces": {
				"east": {"uv": [6, 6, 8, 13], "texture": "#2"},
				"west": {"uv": [6, 6, 8, 13], "rotation": 180, "texture": "#2"}
			}
		},
		{
			"from": [9, 13, 5],
			"to": [11, 13, 11],
			"rotation": {"angle": -45, "axis": "z", "origin": [11, 6, 8]},
			"faces": {
				"north": {"uv": [0, 0, 2, 0], "texture": "#missing"},
				"east": {"uv": [0, 0, 6, 0], "texture": "#missing"},
				"south": {"uv": [0, 0, 2, 0], "texture": "#missing"},
				"west": {"uv": [0, 0, 6, 0], "texture": "#missing"},
				"up": {"uv": [6, 4, 12, 6], "rotation": 270, "texture": "#2"},
				"down": {"uv": [6, 4, 12, 6], "rotation": 270, "texture": "#2"}
			}
		},
		{
			"from": [11, 6, 5],
			"to": [11, 13, 11],
			"rotation": {"angle": -45, "axis": "z", "origin": [11, 6, 8]},
			"faces": {
				"east": {"uv": [0, 6, 6, 13], "texture": "#2"},
				"west": {"uv": [0, 6, 6, 13], "texture": "#2"}
			}
		},
		{
			"from": [9, 6, 5],
			"to": [11, 13, 5],
			"rotation": {"angle": -45, "axis": "z", "origin": [11, 6, 8]},
			"faces": {
				"north": {"uv": [6, 6, 8, 13], "texture": "#2"},
				"south": {"uv": [6, 6, 8, 13], "rotation": 180, "texture": "#2"}
			}
		},
		{
			"from": [9, 6, 11],
			"to": [11, 13, 11],
			"rotation": {"angle": -45, "axis": "z", "origin": [11, 6, 8]},
			"faces": {
				"north": {"uv": [6, 6, 8, 13], "texture": "#2"},
				"south": {"uv": [6, 6, 8, 13], "rotation": 180, "texture": "#2"}
			}
		},
		{
			"from": [5, 6, 5],
			"to": [11, 6, 11],
			"faces": {
				"up": {"uv": [0, 0, 6, 6], "texture": "#2"},
				"down": {"uv": [0, 0, 6, 6], "texture": "#2"}
			}
		}
	],
	"groups": [
		{
			"name": "fan",
			"children": [0, 1, 2, 3]
		},
		{
			"name": "center",
			"children": [4, 5]
		},
		{
			"name": "bell",
			"children": [
				{
					"name": "petal",
					"origin": [8, 6, 5],
					"children": [6, 7, 8, 9]
				},
				{
					"name": "petal",
					"origin": [8, 6, 5],
					"children": [10, 11, 12, 13]
				},
				{
					"name": "petal",
					"origin": [8, 6, 5],
					"children": [14, 15, 16, 17]
				},
				{
					"name": "petal",
					"origin": [8, 6, 5],
					"children": [18, 19, 20, 21]
				}, 22]
		}
	]
}