{
  "parent": "minecraft:block/block",
  "elements": [
    {
      "from": [
        0,
        0,
        0
      ],
      "to": [
        16,
        16,
        16
      ],
      "faces": {
        "down": {
          "uv": [
            0,
            0,
            16,
            16
          ],
          "texture": "#ends",
          "rotation": 90,
          "cullface": "down"
        },
        "up": {
          "uv": [
            0,
            0,
            16,
            16
          ],
          "texture": "#ends",
          "cullface": "up"
        },
        "north": {
          "uv": [
            0,
            0,
            16,
            16
          ],
          "texture": "#insides",
          "rotation": 180,
          "cullface": "north"
        },
        "south": {
          "uv": [
            0,
            0,
            16,
            16
          ],
          "texture": "#sides",
          "cullface": "south"
        },
        "west": {
          "uv": [
            0,
            0,
            16,
            16
          ],
          "texture": "#sides",
          "cullface": "west"
        },
        "east": {
          "uv": [
            0,
            0,
            16,
            16
          ],
          "texture": "#insides",
          "cullface": "east"
        }
      }
    }
  ]
}
