{
  "parent": "minecraft:block/block",
  "textures": {
    "particle": "terrestria:block/sakura_log",
    "all": "terrestria:block/sakura_log_connector",
    "top": "terrestria:block/sakura_log_top"
  },
  "elements": [
    {
      "from": [
        3,
        3,
        0
      ],
      "to": [
        13,
        13,
        3
      ],
      "faces": {
        "down": {
          "texture": "#all",
          "uv": [
            10,
            3,
            0,
            0
          ]
        },
        "up": {
          "texture": "#all",
          "uv": [
            10,
            3,
            0,
            0
          ]
        },
        "west": {
          "texture": "#all",
          "uv": [
            3,
            10,
            0,
            0
          ]
        },
        "east": {
          "texture": "#all",
          "uv": [
            3,
            10,
            0,
            0
          ]
        },
        "north": {
          "texture": "#top",
          "cullface": "north"
        }
      }
    }
  ]
}
