{
  "parent": "minecraft:block/block",
  "textures": {
    "particle": "terrestria:block/sakura_log",
    "all": "terrestria:block/sakura_log",
    "top": "terrestria:block/sakura_log_top"
  },
  "elements": [
    {
      "from": [
        3,
        0,
        3
      ],
      "to": [
        13,
        3,
        13
      ],
      "faces": {
        "north": {
          "texture": "#all"
        },
        "south": {
          "texture": "#all"
        },
        "west": {
          "texture": "#all"
        },
        "east": {
          "texture": "#all"
        },
        "down": {
          "texture": "#top",
          "cullface": "down"
        }
      }
    }
  ]
}
