{
  "parent": "minecraft:block/block",
  "textures": {
    "particle": "terrestria:block/sakura_log",
    "all": "terrestria:block/sakura_log",
    "leaves": "terrestria:block/sakura_leaves"
  },
  "elements": [
    {
      "from": [
        3,
        3,
        3
      ],
      "to": [
        13,
        13,
        13
      ],
      "faces": {
        "north": {
          "texture": "#all"
        }
      }
    },
    {
      "from": [
        0,
        0,
        0
      ],
      "to": [
        16,
        16,
        16
      ],
      "faces": {
        "north": {
          "texture": "#leaves",
          "cullface": "north"
        }
      }
    }
  ]
}
